<annotation>
	<folder>dataset</folder>
	<filename>IMG_20250117_120211.jpg</filename>
	<path>C:\IC-mur-\dataset\dataset\IMG_20250117_120211.jpg</path>
	<source>
		<database>Unknown</database>
	</source>
	<size>
		<width>4160</width>
		<height>3120</height>
		<depth>3</depth>
	</size>
	<segmented>0</segmented>
	<object>
		<name>m10</name>
		<pose>Unspecified</pose>
		<truncated>0</truncated>
		<difficult>0</difficult>
		<bndbox>
			<xmin>849</xmin>
			<ymin>301</ymin>
			<xmax>1727</xmax>
			<ymax>1168</ymax>
		</bndbox>
	</object>
	<object>
		<name>m8</name>
		<pose>Unspecified</pose>
		<truncated>0</truncated>
		<difficult>0</difficult>
		<bndbox>
			<xmin>2432</xmin>
			<ymin>357</ymin>
			<xmax>3160</xmax>
			<ymax>1062</ymax>
		</bndbox>
	</object>
</annotation>
