<annotation>
	<folder>dataset</folder>
	<filename>IMG_20250117_120409.jpg</filename>
	<path>C:\IC-mur-\dataset\dataset\IMG_20250117_120409.jpg</path>
	<source>
		<database>Unknown</database>
	</source>
	<size>
		<width>4160</width>
		<height>3120</height>
		<depth>3</depth>
	</size>
	<segmented>0</segmented>
	<object>
		<name>m10</name>
		<pose>Unspecified</pose>
		<truncated>0</truncated>
		<difficult>0</difficult>
		<bndbox>
			<xmin>1666</xmin>
			<ymin>951</ymin>
			<xmax>2549</xmax>
			<ymax>1757</ymax>
		</bndbox>
	</object>
	<object>
		<name>m8</name>
		<pose>Unspecified</pose>
		<truncated>0</truncated>
		<difficult>0</difficult>
		<bndbox>
			<xmin>2921</xmin>
			<ymin>712</ymin>
			<xmax>3638</xmax>
			<ymax>1362</ymax>
		</bndbox>
	</object>
</annotation>
