<annotation>
	<folder>dataset</folder>
	<filename>IMG_20250117_120437.jpg</filename>
	<path>C:\IC-mur-\dataset\dataset\IMG_20250117_120437.jpg</path>
	<source>
		<database>Unknown</database>
	</source>
	<size>
		<width>4160</width>
		<height>3120</height>
		<depth>3</depth>
	</size>
	<segmented>0</segmented>
	<object>
		<name>m10</name>
		<pose>Unspecified</pose>
		<truncated>0</truncated>
		<difficult>0</difficult>
		<bndbox>
			<xmin>1232</xmin>
			<ymin>1418</ymin>
			<xmax>2099</xmax>
			<ymax>2029</ymax>
		</bndbox>
	</object>
	<object>
		<name>m8</name>
		<pose>Unspecified</pose>
		<truncated>0</truncated>
		<difficult>0</difficult>
		<bndbox>
			<xmin>2427</xmin>
			<ymin>1535</ymin>
			<xmax>3177</xmax>
			<ymax>2012</ymax>
		</bndbox>
	</object>
</annotation>
