<annotation>
	<folder>dataset</folder>
	<filename>IMG_20250117_115932.jpg</filename>
	<path>C:\IC-mur-\dataset\dataset\IMG_20250117_115932.jpg</path>
	<source>
		<database>Unknown</database>
	</source>
	<size>
		<width>4160</width>
		<height>3120</height>
		<depth>3</depth>
	</size>
	<segmented>0</segmented>
	<object>
		<name>m10</name>
		<pose>Unspecified</pose>
		<truncated>0</truncated>
		<difficult>0</difficult>
		<bndbox>
			<xmin>1565</xmin>
			<ymin>1557</ymin>
			<xmax>2130</xmax>
			<ymax>1874</ymax>
		</bndbox>
	</object>
	<object>
		<name>m8</name>
		<pose>Unspecified</pose>
		<truncated>0</truncated>
		<difficult>0</difficult>
		<bndbox>
			<xmin>2236</xmin>
			<ymin>1568</ymin>
			<xmax>2724</xmax>
			<ymax>1868</ymax>
		</bndbox>
	</object>
</annotation>
