<annotation>
	<folder>dataset</folder>
	<filename>IMG_20250117_120043.jpg</filename>
	<path>C:\IC-mur-\dataset\dataset\IMG_20250117_120043.jpg</path>
	<source>
		<database>Unknown</database>
	</source>
	<size>
		<width>4160</width>
		<height>3120</height>
		<depth>3</depth>
	</size>
	<segmented>0</segmented>
	<object>
		<name>m10</name>
		<pose>Unspecified</pose>
		<truncated>0</truncated>
		<difficult>0</difficult>
		<bndbox>
			<xmin>359</xmin>
			<ymin>645</ymin>
			<xmax>1130</xmax>
			<ymax>1398</ymax>
		</bndbox>
	</object>
	<object>
		<name>m8</name>
		<pose>Unspecified</pose>
		<truncated>0</truncated>
		<difficult>0</difficult>
		<bndbox>
			<xmin>1341</xmin>
			<ymin>998</ymin>
			<xmax>2000</xmax>
			<ymax>1651</ymax>
		</bndbox>
	</object>
</annotation>
