<annotation>
	<folder>dataset</folder>
	<filename>IMG_20250117_120449.jpg</filename>
	<path>C:\IC-mur-\dataset\dataset\IMG_20250117_120449.jpg</path>
	<source>
		<database>Unknown</database>
	</source>
	<size>
		<width>4160</width>
		<height>3120</height>
		<depth>3</depth>
	</size>
	<segmented>0</segmented>
	<object>
		<name>m10</name>
		<pose>Unspecified</pose>
		<truncated>0</truncated>
		<difficult>0</difficult>
		<bndbox>
			<xmin>1244</xmin>
			<ymin>1235</ymin>
			<xmax>2060</xmax>
			<ymax>2046</ymax>
		</bndbox>
	</object>
	<object>
		<name>m8</name>
		<pose>Unspecified</pose>
		<truncated>0</truncated>
		<difficult>0</difficult>
		<bndbox>
			<xmin>2410</xmin>
			<ymin>1573</ymin>
			<xmax>3149</xmax>
			<ymax>2296</ymax>
		</bndbox>
	</object>
</annotation>
