<annotation>
	<folder>dataset</folder>
	<filename>IMG_20250117_120614.jpg</filename>
	<path>C:\IC-mur-\dataset\dataset\IMG_20250117_120614.jpg</path>
	<source>
		<database>Unknown</database>
	</source>
	<size>
		<width>4160</width>
		<height>3120</height>
		<depth>3</depth>
	</size>
	<segmented>0</segmented>
	<object>
		<name>m10</name>
		<pose>Unspecified</pose>
		<truncated>0</truncated>
		<difficult>0</difficult>
		<bndbox>
			<xmin>1216</xmin>
			<ymin>885</ymin>
			<xmax>2005</xmax>
			<ymax>1629</ymax>
		</bndbox>
	</object>
	<object>
		<name>m8</name>
		<pose>Unspecified</pose>
		<truncated>0</truncated>
		<difficult>0</difficult>
		<bndbox>
			<xmin>2449</xmin>
			<ymin>1601</ymin>
			<xmax>3121</xmax>
			<ymax>2268</ymax>
		</bndbox>
	</object>
</annotation>
