<annotation>
	<folder>dataset</folder>
	<filename>IMG_20250117_120057.jpg</filename>
	<path>C:\IC-mur-\dataset\dataset\IMG_20250117_120057.jpg</path>
	<source>
		<database>Unknown</database>
	</source>
	<size>
		<width>4160</width>
		<height>3120</height>
		<depth>3</depth>
	</size>
	<segmented>0</segmented>
	<object>
		<name>m8</name>
		<pose>Unspecified</pose>
		<truncated>0</truncated>
		<difficult>0</difficult>
		<bndbox>
			<xmin>1565</xmin>
			<ymin>662</ymin>
			<xmax>2218</xmax>
			<ymax>1333</ymax>
		</bndbox>
	</object>
	<object>
		<name>m10</name>
		<pose>Unspecified</pose>
		<truncated>0</truncated>
		<difficult>0</difficult>
		<bndbox>
			<xmin>1565</xmin>
			<ymin>662</ymin>
			<xmax>2247</xmax>
			<ymax>1309</ymax>
		</bndbox>
	</object>
	<object>
		<name>m8</name>
		<pose>Unspecified</pose>
		<truncated>0</truncated>
		<difficult>0</difficult>
		<bndbox>
			<xmin>2424</xmin>
			<ymin>733</ymin>
			<xmax>2971</xmax>
			<ymax>1321</ymax>
		</bndbox>
	</object>
</annotation>
