<annotation>
	<folder>dataset</folder>
	<filename>IMG_20250117_121021.jpg</filename>
	<path>C:\IC-mur-\dataset\dataset\IMG_20250117_121021.jpg</path>
	<source>
		<database>Unknown</database>
	</source>
	<size>
		<width>4160</width>
		<height>3120</height>
		<depth>3</depth>
	</size>
	<segmented>0</segmented>
	<object>
		<name>m8</name>
		<pose>Unspecified</pose>
		<truncated>0</truncated>
		<difficult>0</difficult>
		<bndbox>
			<xmin>2016</xmin>
			<ymin>879</ymin>
			<xmax>2632</xmax>
			<ymax>1468</ymax>
		</bndbox>
	</object>
	<object>
		<name>m10</name>
		<pose>Unspecified</pose>
		<truncated>0</truncated>
		<difficult>0</difficult>
		<bndbox>
			<xmin>2760</xmin>
			<ymin>318</ymin>
			<xmax>3410</xmax>
			<ymax>1079</ymax>
		</bndbox>
	</object>
</annotation>
