<annotation>
	<folder>dataset</folder>
	<filename>IMG_20250117_120442.jpg</filename>
	<path>C:\IC-mur-\dataset\dataset\IMG_20250117_120442.jpg</path>
	<source>
		<database>Unknown</database>
	</source>
	<size>
		<width>4160</width>
		<height>3120</height>
		<depth>3</depth>
	</size>
	<segmented>0</segmented>
	<object>
		<name>m10</name>
		<pose>Unspecified</pose>
		<truncated>0</truncated>
		<difficult>0</difficult>
		<bndbox>
			<xmin>788</xmin>
			<ymin>696</ymin>
			<xmax>1621</xmax>
			<ymax>1479</ymax>
		</bndbox>
	</object>
	<object>
		<name>m8</name>
		<pose>Unspecified</pose>
		<truncated>0</truncated>
		<difficult>0</difficult>
		<bndbox>
			<xmin>1982</xmin>
			<ymin>918</ymin>
			<xmax>2627</xmax>
			<ymax>1546</ymax>
		</bndbox>
	</object>
</annotation>
