<annotation>
	<folder>dataset</folder>
	<filename>IMG_20250117_120947.jpg</filename>
	<path>C:\IC-mur-\dataset\dataset\IMG_20250117_120947.jpg</path>
	<source>
		<database>Unknown</database>
	</source>
	<size>
		<width>4160</width>
		<height>3120</height>
		<depth>3</depth>
	</size>
	<segmented>0</segmented>
	<object>
		<name>m10</name>
		<pose>Unspecified</pose>
		<truncated>0</truncated>
		<difficult>0</difficult>
		<bndbox>
			<xmin>832</xmin>
			<ymin>1123</ymin>
			<xmax>1677</xmax>
			<ymax>1857</ymax>
		</bndbox>
	</object>
	<object>
		<name>m8</name>
		<pose>Unspecified</pose>
		<truncated>0</truncated>
		<difficult>0</difficult>
		<bndbox>
			<xmin>455</xmin>
			<ymin>1996</ymin>
			<xmax>1110</xmax>
			<ymax>2646</ymax>
		</bndbox>
	</object>
</annotation>
