<annotation>
	<folder>dataset</folder>
	<filename>IMG_20250117_121018.jpg</filename>
	<path>C:\IC-mur-\dataset\dataset\IMG_20250117_121018.jpg</path>
	<source>
		<database>Unknown</database>
	</source>
	<size>
		<width>4160</width>
		<height>3120</height>
		<depth>3</depth>
	</size>
	<segmented>0</segmented>
	<object>
		<name>m8</name>
		<pose>Unspecified</pose>
		<truncated>0</truncated>
		<difficult>0</difficult>
		<bndbox>
			<xmin>2032</xmin>
			<ymin>868</ymin>
			<xmax>2649</xmax>
			<ymax>1546</ymax>
		</bndbox>
	</object>
	<object>
		<name>m10</name>
		<pose>Unspecified</pose>
		<truncated>0</truncated>
		<difficult>0</difficult>
		<bndbox>
			<xmin>2727</xmin>
			<ymin>312</ymin>
			<xmax>3399</xmax>
			<ymax>1057</ymax>
		</bndbox>
	</object>
</annotation>
