<annotation>
	<folder>dataset</folder>
	<filename>IMG_20250117_120523.jpg</filename>
	<path>C:\IC-mur-\dataset\dataset\IMG_20250117_120523.jpg</path>
	<source>
		<database>Unknown</database>
	</source>
	<size>
		<width>4160</width>
		<height>3120</height>
		<depth>3</depth>
	</size>
	<segmented>0</segmented>
	<object>
		<name>m10</name>
		<pose>Unspecified</pose>
		<truncated>0</truncated>
		<difficult>0</difficult>
		<bndbox>
			<xmin>1099</xmin>
			<ymin>1323</ymin>
			<xmax>2105</xmax>
			<ymax>1912</ymax>
		</bndbox>
	</object>
	<object>
		<name>m8</name>
		<pose>Unspecified</pose>
		<truncated>0</truncated>
		<difficult>0</difficult>
		<bndbox>
			<xmin>2310</xmin>
			<ymin>1429</ymin>
			<xmax>3171</xmax>
			<ymax>1918</ymax>
		</bndbox>
	</object>
</annotation>
