<annotation>
	<folder>dataset</folder>
	<filename>IMG_20250117_120245.jpg</filename>
	<path>C:\IC-mur-\dataset\dataset\IMG_20250117_120245.jpg</path>
	<source>
		<database>Unknown</database>
	</source>
	<size>
		<width>4160</width>
		<height>3120</height>
		<depth>3</depth>
	</size>
	<segmented>0</segmented>
	<object>
		<name>m10</name>
		<pose>Unspecified</pose>
		<truncated>0</truncated>
		<difficult>0</difficult>
		<bndbox>
			<xmin>977</xmin>
			<ymin>623</ymin>
			<xmax>1749</xmax>
			<ymax>1390</ymax>
		</bndbox>
	</object>
	<object>
		<name>m8</name>
		<pose>Unspecified</pose>
		<truncated>0</truncated>
		<difficult>0</difficult>
		<bndbox>
			<xmin>2538</xmin>
			<ymin>673</ymin>
			<xmax>3271</xmax>
			<ymax>1296</ymax>
		</bndbox>
	</object>
</annotation>
