<annotation>
	<folder>dataset</folder>
	<filename>IMG_20250117_120647.jpg</filename>
	<path>C:\IC-mur-\dataset\dataset\IMG_20250117_120647.jpg</path>
	<source>
		<database>Unknown</database>
	</source>
	<size>
		<width>4160</width>
		<height>3120</height>
		<depth>3</depth>
	</size>
	<segmented>0</segmented>
	<object>
		<name>m8</name>
		<pose>Unspecified</pose>
		<truncated>0</truncated>
		<difficult>0</difficult>
		<bndbox>
			<xmin>1449</xmin>
			<ymin>1518</ymin>
			<xmax>2116</xmax>
			<ymax>2168</ymax>
		</bndbox>
	</object>
	<object>
		<name>m10</name>
		<pose>Unspecified</pose>
		<truncated>0</truncated>
		<difficult>0</difficult>
		<bndbox>
			<xmin>2227</xmin>
			<ymin>1646</ymin>
			<xmax>2982</xmax>
			<ymax>2479</ymax>
		</bndbox>
	</object>
</annotation>
