<annotation>
	<folder>dataset</folder>
	<filename>IMG_20250117_120704.jpg</filename>
	<path>C:\IC-mur-\dataset\dataset\IMG_20250117_120704.jpg</path>
	<source>
		<database>Unknown</database>
	</source>
	<size>
		<width>4160</width>
		<height>3120</height>
		<depth>3</depth>
	</size>
	<segmented>0</segmented>
	<object>
		<name>m8</name>
		<pose>Unspecified</pose>
		<truncated>0</truncated>
		<difficult>0</difficult>
		<bndbox>
			<xmin>966</xmin>
			<ymin>418</ymin>
			<xmax>1566</xmax>
			<ymax>1090</ymax>
		</bndbox>
	</object>
	<object>
		<name>m10</name>
		<pose>Unspecified</pose>
		<truncated>0</truncated>
		<difficult>0</difficult>
		<bndbox>
			<xmin>1638</xmin>
			<ymin>285</ymin>
			<xmax>2399</xmax>
			<ymax>1007</ymax>
		</bndbox>
	</object>
</annotation>
