<annotation>
	<folder>dataset</folder>
	<filename>IMG_20250117_120413.jpg</filename>
	<path>C:\IC-mur-\dataset\dataset\IMG_20250117_120413.jpg</path>
	<source>
		<database>Unknown</database>
	</source>
	<size>
		<width>4160</width>
		<height>3120</height>
		<depth>3</depth>
	</size>
	<segmented>0</segmented>
	<object>
		<name>m10</name>
		<pose>Unspecified</pose>
		<truncated>0</truncated>
		<difficult>0</difficult>
		<bndbox>
			<xmin>1032</xmin>
			<ymin>1240</ymin>
			<xmax>1849</xmax>
			<ymax>2012</ymax>
		</bndbox>
	</object>
	<object>
		<name>m8</name>
		<pose>Unspecified</pose>
		<truncated>0</truncated>
		<difficult>0</difficult>
		<bndbox>
			<xmin>2355</xmin>
			<ymin>1107</ymin>
			<xmax>2994</xmax>
			<ymax>1740</ymax>
		</bndbox>
	</object>
</annotation>
