<annotation>
	<folder>dataset</folder>
	<filename>IMG_20250117_115819.jpg</filename>
	<path>C:\IC-mur-\dataset\dataset\IMG_20250117_115819.jpg</path>
	<source>
		<database>Unknown</database>
	</source>
	<size>
		<width>4160</width>
		<height>3120</height>
		<depth>3</depth>
	</size>
	<segmented>0</segmented>
	<object>
		<name>m8</name>
		<pose>Unspecified</pose>
		<truncated>0</truncated>
		<difficult>0</difficult>
		<bndbox>
			<xmin>2259</xmin>
			<ymin>1362</ymin>
			<xmax>2777</xmax>
			<ymax>1886</ymax>
		</bndbox>
	</object>
	<object>
		<name>m10</name>
		<pose>Unspecified</pose>
		<truncated>0</truncated>
		<difficult>0</difficult>
		<bndbox>
			<xmin>1224</xmin>
			<ymin>1351</ymin>
			<xmax>1912</xmax>
			<ymax>1962</ymax>
		</bndbox>
	</object>
</annotation>
