<annotation>
	<folder>dataset</folder>
	<filename>IMG_20250117_120530.jpg</filename>
	<path>C:\IC-mur-\dataset\dataset\IMG_20250117_120530.jpg</path>
	<source>
		<database>Unknown</database>
	</source>
	<size>
		<width>4160</width>
		<height>3120</height>
		<depth>3</depth>
	</size>
	<segmented>0</segmented>
	<object>
		<name>m10</name>
		<pose>Unspecified</pose>
		<truncated>0</truncated>
		<difficult>0</difficult>
		<bndbox>
			<xmin>1316</xmin>
			<ymin>890</ymin>
			<xmax>2094</xmax>
			<ymax>1646</ymax>
		</bndbox>
	</object>
	<object>
		<name>m8</name>
		<pose>Unspecified</pose>
		<truncated>0</truncated>
		<difficult>0</difficult>
		<bndbox>
			<xmin>2394</xmin>
			<ymin>1229</ymin>
			<xmax>3077</xmax>
			<ymax>1890</ymax>
		</bndbox>
	</object>
</annotation>
