<annotation>
	<folder>dataset</folder>
	<filename>IMG_20250117_120641.jpg</filename>
	<path>C:\IC-mur-\dataset\dataset\IMG_20250117_120641.jpg</path>
	<source>
		<database>Unknown</database>
	</source>
	<size>
		<width>4160</width>
		<height>3120</height>
		<depth>3</depth>
	</size>
	<segmented>0</segmented>
	<object>
		<name>m8</name>
		<pose>Unspecified</pose>
		<truncated>0</truncated>
		<difficult>0</difficult>
		<bndbox>
			<xmin>1166</xmin>
			<ymin>718</ymin>
			<xmax>1738</xmax>
			<ymax>1340</ymax>
		</bndbox>
	</object>
	<object>
		<name>m10</name>
		<pose>Unspecified</pose>
		<truncated>0</truncated>
		<difficult>0</difficult>
		<bndbox>
			<xmin>1849</xmin>
			<ymin>723</ymin>
			<xmax>2610</xmax>
			<ymax>1462</ymax>
		</bndbox>
	</object>
</annotation>
