<annotation>
	<folder>dataset</folder>
	<filename>IMG_20250117_115824.jpg</filename>
	<path>C:\IC-mur-\dataset\dataset\IMG_20250117_115824.jpg</path>
	<source>
		<database>Unknown</database>
	</source>
	<size>
		<width>4160</width>
		<height>3120</height>
		<depth>3</depth>
	</size>
	<segmented>0</segmented>
	<object>
		<name>m10</name>
		<pose>Unspecified</pose>
		<truncated>0</truncated>
		<difficult>0</difficult>
		<bndbox>
			<xmin>1118</xmin>
			<ymin>1239</ymin>
			<xmax>1800</xmax>
			<ymax>1886</ymax>
		</bndbox>
	</object>
	<object>
		<name>m8</name>
		<pose>Unspecified</pose>
		<truncated>0</truncated>
		<difficult>0</difficult>
		<bndbox>
			<xmin>2112</xmin>
			<ymin>1280</ymin>
			<xmax>2618</xmax>
			<ymax>1798</ymax>
		</bndbox>
	</object>
</annotation>
