<annotation>
	<folder>dataset</folder>
	<filename>IMG_20250117_115711.jpg</filename>
	<path>C:\IC-mur-\dataset\dataset\IMG_20250117_115711.jpg</path>
	<source>
		<database>Unknown</database>
	</source>
	<size>
		<width>4160</width>
		<height>3120</height>
		<depth>3</depth>
	</size>
	<segmented>0</segmented>
	<object>
		<name>m10</name>
		<pose>Unspecified</pose>
		<truncated>0</truncated>
		<difficult>0</difficult>
		<bndbox>
			<xmin>1730</xmin>
			<ymin>1698</ymin>
			<xmax>2277</xmax>
			<ymax>2186</ymax>
		</bndbox>
	</object>
	<object>
		<name>m8</name>
		<pose>Unspecified</pose>
		<truncated>0</truncated>
		<difficult>0</difficult>
		<bndbox>
			<xmin>2471</xmin>
			<ymin>1686</ymin>
			<xmax>2888</xmax>
			<ymax>2098</ymax>
		</bndbox>
	</object>
</annotation>
