<annotation>
	<folder>dataset</folder>
	<filename>IMG_20250117_120252.jpg</filename>
	<path>C:\IC-mur-\dataset\dataset\IMG_20250117_120252.jpg</path>
	<source>
		<database>Unknown</database>
	</source>
	<size>
		<width>4160</width>
		<height>3120</height>
		<depth>3</depth>
	</size>
	<segmented>0</segmented>
	<object>
		<name>m10</name>
		<pose>Unspecified</pose>
		<truncated>0</truncated>
		<difficult>0</difficult>
		<bndbox>
			<xmin>1149</xmin>
			<ymin>129</ymin>
			<xmax>1921</xmax>
			<ymax>940</ymax>
		</bndbox>
	</object>
	<object>
		<name>m8</name>
		<pose>Unspecified</pose>
		<truncated>0</truncated>
		<difficult>0</difficult>
		<bndbox>
			<xmin>2694</xmin>
			<ymin>529</ymin>
			<xmax>3366</xmax>
			<ymax>1268</ymax>
		</bndbox>
	</object>
</annotation>
