<annotation>
	<folder>dataset</folder>
	<filename>IMG_20250117_120423.jpg</filename>
	<path>C:\IC-mur-\dataset\dataset\IMG_20250117_120423.jpg</path>
	<source>
		<database>Unknown</database>
	</source>
	<size>
		<width>4160</width>
		<height>3120</height>
		<depth>3</depth>
	</size>
	<segmented>0</segmented>
	<object>
		<name>m10</name>
		<pose>Unspecified</pose>
		<truncated>0</truncated>
		<difficult>0</difficult>
		<bndbox>
			<xmin>905</xmin>
			<ymin>946</ymin>
			<xmax>1744</xmax>
			<ymax>1768</ymax>
		</bndbox>
	</object>
	<object>
		<name>m8</name>
		<pose>Unspecified</pose>
		<truncated>0</truncated>
		<difficult>0</difficult>
		<bndbox>
			<xmin>2205</xmin>
			<ymin>1090</ymin>
			<xmax>2882</xmax>
			<ymax>1768</ymax>
		</bndbox>
	</object>
</annotation>
