<annotation>
	<folder>dataset</folder>
	<filename>IMG_20250117_120714.jpg</filename>
	<path>C:\IC-mur-\dataset\dataset\IMG_20250117_120714.jpg</path>
	<source>
		<database>Unknown</database>
	</source>
	<size>
		<width>4160</width>
		<height>3120</height>
		<depth>3</depth>
	</size>
	<segmented>0</segmented>
	<object>
		<name>m8</name>
		<pose>Unspecified</pose>
		<truncated>0</truncated>
		<difficult>0</difficult>
		<bndbox>
			<xmin>494</xmin>
			<ymin>340</ymin>
			<xmax>1155</xmax>
			<ymax>940</ymax>
		</bndbox>
	</object>
	<object>
		<name>m10</name>
		<pose>Unspecified</pose>
		<truncated>0</truncated>
		<difficult>0</difficult>
		<bndbox>
			<xmin>1232</xmin>
			<ymin>173</ymin>
			<xmax>1916</xmax>
			<ymax>907</ymax>
		</bndbox>
	</object>
</annotation>
