<annotation>
	<folder>dataset</folder>
	<filename>IMG_20250117_120033.jpg</filename>
	<path>C:\IC-mur-\dataset\dataset\IMG_20250117_120033.jpg</path>
	<source>
		<database>Unknown</database>
	</source>
	<size>
		<width>4160</width>
		<height>3120</height>
		<depth>3</depth>
	</size>
	<segmented>0</segmented>
	<object>
		<name>m10</name>
		<pose>Unspecified</pose>
		<truncated>0</truncated>
		<difficult>0</difficult>
		<bndbox>
			<xmin>1265</xmin>
			<ymin>1357</ymin>
			<xmax>2024</xmax>
			<ymax>2074</ymax>
		</bndbox>
	</object>
	<object>
		<name>m8</name>
		<pose>Unspecified</pose>
		<truncated>0</truncated>
		<difficult>0</difficult>
		<bndbox>
			<xmin>2294</xmin>
			<ymin>1498</ymin>
			<xmax>3000</xmax>
			<ymax>2162</ymax>
		</bndbox>
	</object>
</annotation>
