<annotation>
	<folder>dataset</folder>
	<filename>IMG_20250117_120546.jpg</filename>
	<path>C:\IC-mur-\dataset\dataset\IMG_20250117_120546.jpg</path>
	<source>
		<database>Unknown</database>
	</source>
	<size>
		<width>4160</width>
		<height>3120</height>
		<depth>3</depth>
	</size>
	<segmented>0</segmented>
	<object>
		<name>m10</name>
		<pose>Unspecified</pose>
		<truncated>0</truncated>
		<difficult>0</difficult>
		<bndbox>
			<xmin>1577</xmin>
			<ymin>818</ymin>
			<xmax>2299</xmax>
			<ymax>1512</ymax>
		</bndbox>
	</object>
	<object>
		<name>m8</name>
		<pose>Unspecified</pose>
		<truncated>0</truncated>
		<difficult>0</difficult>
		<bndbox>
			<xmin>2638</xmin>
			<ymin>1129</ymin>
			<xmax>3288</xmax>
			<ymax>1790</ymax>
		</bndbox>
	</object>
</annotation>
