<annotation>
	<folder>dataset</folder>
	<filename>IMG_20250117_115914.jpg</filename>
	<path>C:\IC-mur-\dataset\dataset\IMG_20250117_115914.jpg</path>
	<source>
		<database>Unknown</database>
	</source>
	<size>
		<width>4160</width>
		<height>3120</height>
		<depth>3</depth>
	</size>
	<segmented>0</segmented>
	<object>
		<name>m10</name>
		<pose>Unspecified</pose>
		<truncated>0</truncated>
		<difficult>0</difficult>
		<bndbox>
			<xmin>1347</xmin>
			<ymin>1298</ymin>
			<xmax>1894</xmax>
			<ymax>1668</ymax>
		</bndbox>
	</object>
	<object>
		<name>m8</name>
		<pose>Unspecified</pose>
		<truncated>0</truncated>
		<difficult>0</difficult>
		<bndbox>
			<xmin>2165</xmin>
			<ymin>1362</ymin>
			<xmax>2618</xmax>
			<ymax>1645</ymax>
		</bndbox>
	</object>
</annotation>
