<annotation>
	<folder>dataset</folder>
	<filename>IMG_20250117_120518.jpg</filename>
	<path>C:\IC-mur-\dataset\dataset\IMG_20250117_120518.jpg</path>
	<source>
		<database>Unknown</database>
	</source>
	<size>
		<width>4160</width>
		<height>3120</height>
		<depth>3</depth>
	</size>
	<segmented>0</segmented>
	<object>
		<name>m10</name>
		<pose>Unspecified</pose>
		<truncated>0</truncated>
		<difficult>0</difficult>
		<bndbox>
			<xmin>1471</xmin>
			<ymin>1218</ymin>
			<xmax>2399</xmax>
			<ymax>1840</ymax>
		</bndbox>
	</object>
	<object>
		<name>m8</name>
		<pose>Unspecified</pose>
		<truncated>0</truncated>
		<difficult>0</difficult>
		<bndbox>
			<xmin>2655</xmin>
			<ymin>1401</ymin>
			<xmax>3421</xmax>
			<ymax>1912</ymax>
		</bndbox>
	</object>
</annotation>
