<annotation>
	<folder>dataset</folder>
	<filename>IMG_20250117_120835.jpg</filename>
	<path>C:\IC-mur-\dataset\dataset\IMG_20250117_120835.jpg</path>
	<source>
		<database>Unknown</database>
	</source>
	<size>
		<width>4160</width>
		<height>3120</height>
		<depth>3</depth>
	</size>
	<segmented>0</segmented>
	<object>
		<name>m10</name>
		<pose>Unspecified</pose>
		<truncated>0</truncated>
		<difficult>0</difficult>
		<bndbox>
			<xmin>2260</xmin>
			<ymin>590</ymin>
			<xmax>3027</xmax>
			<ymax>1340</ymax>
		</bndbox>
	</object>
	<object>
		<name>m8</name>
		<pose>Unspecified</pose>
		<truncated>0</truncated>
		<difficult>0</difficult>
		<bndbox>
			<xmin>3149</xmin>
			<ymin>1162</ymin>
			<xmax>3888</xmax>
			<ymax>1835</ymax>
		</bndbox>
	</object>
</annotation>
