<annotation>
	<folder>dataset</folder>
	<filename>IMG_20250117_121000.jpg</filename>
	<path>C:\IC-mur-\dataset\dataset\IMG_20250117_121000.jpg</path>
	<source>
		<database>Unknown</database>
	</source>
	<size>
		<width>4160</width>
		<height>3120</height>
		<depth>3</depth>
	</size>
	<segmented>0</segmented>
	<object>
		<name>m10</name>
		<pose>Unspecified</pose>
		<truncated>0</truncated>
		<difficult>0</difficult>
		<bndbox>
			<xmin>888</xmin>
			<ymin>1123</ymin>
			<xmax>1660</xmax>
			<ymax>1846</ymax>
		</bndbox>
	</object>
	<object>
		<name>m8</name>
		<pose>Unspecified</pose>
		<truncated>0</truncated>
		<difficult>0</difficult>
		<bndbox>
			<xmin>488</xmin>
			<ymin>1996</ymin>
			<xmax>1127</xmax>
			<ymax>2640</ymax>
		</bndbox>
	</object>
</annotation>
