<annotation>
	<folder>dataset</folder>
	<filename>IMG_20250117_120319.jpg</filename>
	<path>C:\IC-mur-\dataset\dataset\IMG_20250117_120319.jpg</path>
	<source>
		<database>Unknown</database>
	</source>
	<size>
		<width>4160</width>
		<height>3120</height>
		<depth>3</depth>
	</size>
	<segmented>0</segmented>
	<object>
		<name>m10</name>
		<pose>Unspecified</pose>
		<truncated>0</truncated>
		<difficult>0</difficult>
		<bndbox>
			<xmin>555</xmin>
			<ymin>640</ymin>
			<xmax>1471</xmax>
			<ymax>1496</ymax>
		</bndbox>
	</object>
	<object>
		<name>m8</name>
		<pose>Unspecified</pose>
		<truncated>0</truncated>
		<difficult>0</difficult>
		<bndbox>
			<xmin>2266</xmin>
			<ymin>796</ymin>
			<xmax>2955</xmax>
			<ymax>1490</ymax>
		</bndbox>
	</object>
</annotation>
