<annotation>
	<folder>dataset</folder>
	<filename>IMG_20250117_120909.jpg</filename>
	<path>C:\IC-mur-\dataset\dataset\IMG_20250117_120909.jpg</path>
	<source>
		<database>Unknown</database>
	</source>
	<size>
		<width>4160</width>
		<height>3120</height>
		<depth>3</depth>
	</size>
	<segmented>0</segmented>
	<object>
		<name>m10</name>
		<pose>Unspecified</pose>
		<truncated>0</truncated>
		<difficult>0</difficult>
		<bndbox>
			<xmin>1499</xmin>
			<ymin>1651</ymin>
			<xmax>2249</xmax>
			<ymax>2396</ymax>
		</bndbox>
	</object>
	<object>
		<name>m8</name>
		<pose>Unspecified</pose>
		<truncated>0</truncated>
		<difficult>0</difficult>
		<bndbox>
			<xmin>2449</xmin>
			<ymin>1835</ymin>
			<xmax>3127</xmax>
			<ymax>2485</ymax>
		</bndbox>
	</object>
</annotation>
