<annotation>
	<folder>dataset</folder>
	<filename>IMG_20250117_120431.jpg</filename>
	<path>C:\IC-mur-\dataset\dataset\IMG_20250117_120431.jpg</path>
	<source>
		<database>Unknown</database>
	</source>
	<size>
		<width>4160</width>
		<height>3120</height>
		<depth>3</depth>
	</size>
	<segmented>0</segmented>
	<object>
		<name>m10</name>
		<pose>Unspecified</pose>
		<truncated>0</truncated>
		<difficult>0</difficult>
		<bndbox>
			<xmin>1110</xmin>
			<ymin>1096</ymin>
			<xmax>1927</xmax>
			<ymax>1907</ymax>
		</bndbox>
	</object>
	<object>
		<name>m8</name>
		<pose>Unspecified</pose>
		<truncated>0</truncated>
		<difficult>0</difficult>
		<bndbox>
			<xmin>2332</xmin>
			<ymin>1201</ymin>
			<xmax>3071</xmax>
			<ymax>1885</ymax>
		</bndbox>
	</object>
</annotation>
