<annotation>
	<folder>dataset</folder>
	<filename>IMG_20250117_121020.jpg</filename>
	<path>C:\IC-mur-\dataset\dataset\IMG_20250117_121020.jpg</path>
	<source>
		<database>Unknown</database>
	</source>
	<size>
		<width>4160</width>
		<height>3120</height>
		<depth>3</depth>
	</size>
	<segmented>0</segmented>
	<object>
		<name>m8</name>
		<pose>Unspecified</pose>
		<truncated>0</truncated>
		<difficult>0</difficult>
		<bndbox>
			<xmin>2016</xmin>
			<ymin>885</ymin>
			<xmax>2655</xmax>
			<ymax>1518</ymax>
		</bndbox>
	</object>
	<object>
		<name>m10</name>
		<pose>Unspecified</pose>
		<truncated>0</truncated>
		<difficult>0</difficult>
		<bndbox>
			<xmin>2638</xmin>
			<ymin>368</ymin>
			<xmax>3449</xmax>
			<ymax>1023</ymax>
		</bndbox>
	</object>
</annotation>
