<annotation>
	<folder>dataset</folder>
	<filename>IMG_20250117_120219.jpg</filename>
	<path>C:\IC-mur-\dataset\dataset\IMG_20250117_120219.jpg</path>
	<source>
		<database>Unknown</database>
	</source>
	<size>
		<width>4160</width>
		<height>3120</height>
		<depth>3</depth>
	</size>
	<segmented>0</segmented>
	<object>
		<name>m10</name>
		<pose>Unspecified</pose>
		<truncated>0</truncated>
		<difficult>0</difficult>
		<bndbox>
			<xmin>171</xmin>
			<ymin>412</ymin>
			<xmax>982</xmax>
			<ymax>1179</ymax>
		</bndbox>
	</object>
	<object>
		<name>m8</name>
		<pose>Unspecified</pose>
		<truncated>0</truncated>
		<difficult>0</difficult>
		<bndbox>
			<xmin>1771</xmin>
			<ymin>501</ymin>
			<xmax>2466</xmax>
			<ymax>1157</ymax>
		</bndbox>
	</object>
</annotation>
