<annotation>
	<folder>dataset</folder>
	<filename>IMG_20250117_115814.jpg</filename>
	<path>C:\IC-mur-\dataset\dataset\IMG_20250117_115814.jpg</path>
	<source>
		<database>Unknown</database>
	</source>
	<size>
		<width>4160</width>
		<height>3120</height>
		<depth>3</depth>
	</size>
	<segmented>0</segmented>
	<object>
		<name>m10</name>
		<pose>Unspecified</pose>
		<truncated>0</truncated>
		<difficult>0</difficult>
		<bndbox>
			<xmin>1659</xmin>
			<ymin>1474</ymin>
			<xmax>2359</xmax>
			<ymax>2127</ymax>
		</bndbox>
	</object>
	<object>
		<name>m8</name>
		<pose>Unspecified</pose>
		<truncated>0</truncated>
		<difficult>0</difficult>
		<bndbox>
			<xmin>2712</xmin>
			<ymin>1539</ymin>
			<xmax>3183</xmax>
			<ymax>2045</ymax>
		</bndbox>
	</object>
</annotation>
