<annotation>
	<folder>dataset</folder>
	<filename>IMG_20250117_120017.jpg</filename>
	<path>C:\IC-mur-\dataset\dataset\IMG_20250117_120017.jpg</path>
	<source>
		<database>Unknown</database>
	</source>
	<size>
		<width>4160</width>
		<height>3120</height>
		<depth>3</depth>
	</size>
	<segmented>0</segmented>
	<object>
		<name>m10</name>
		<pose>Unspecified</pose>
		<truncated>0</truncated>
		<difficult>0</difficult>
		<bndbox>
			<xmin>1188</xmin>
			<ymin>627</ymin>
			<xmax>1936</xmax>
			<ymax>1392</ymax>
		</bndbox>
	</object>
	<object>
		<name>m8</name>
		<pose>Unspecified</pose>
		<truncated>0</truncated>
		<difficult>0</difficult>
		<bndbox>
			<xmin>2218</xmin>
			<ymin>815</ymin>
			<xmax>2830</xmax>
			<ymax>1392</ymax>
		</bndbox>
	</object>
</annotation>
