<annotation>
	<folder>dataset</folder>
	<filename>IMG_20250117_115924.jpg</filename>
	<path>C:\IC-mur-\dataset\dataset\IMG_20250117_115924.jpg</path>
	<source>
		<database>Unknown</database>
	</source>
	<size>
		<width>4160</width>
		<height>3120</height>
		<depth>3</depth>
	</size>
	<segmented>0</segmented>
	<object>
		<name>m10</name>
		<pose>Unspecified</pose>
		<truncated>0</truncated>
		<difficult>0</difficult>
		<bndbox>
			<xmin>1565</xmin>
			<ymin>1551</ymin>
			<xmax>2130</xmax>
			<ymax>2092</ymax>
		</bndbox>
	</object>
	<object>
		<name>m8</name>
		<pose>Unspecified</pose>
		<truncated>0</truncated>
		<difficult>0</difficult>
		<bndbox>
			<xmin>2406</xmin>
			<ymin>1545</ymin>
			<xmax>2847</xmax>
			<ymax>2009</ymax>
		</bndbox>
	</object>
</annotation>
